USE analytics_db;

INSERT INTO CREATORS (channel_name, registration_date, subscription_level) VALUES
('Tech Insights', '2022-01-15 10:00:00', 'premium'),
('Daily Vlogs', '2021-06-20 14:30:00', 'free'),
('Gaming Central', '2020-11-05 09:15:00', 'enterprise'),
('Cooking Delights', '2023-03-12 16:45:00', 'premium'),
('Travel Diaries', '2019-08-25 11:20:00', 'free'),
('Fitness Freaks', '2021-12-01 08:00:00', 'enterprise');

INSERT INTO VIDEOS (creator_id, title, publication_date, duration_seconds, category) VALUES
(1, 'Top 10 Tech Gadgets of 2023', '2023-01-10 12:00:00', 600, 'Technology'),
(1, 'AI in Everyday Life', '2023-02-15 15:30:00', 900, 'Technology'),
(2, 'A Day in My Life Vlog', '2023-03-05 10:00:00', 300, 'Vlogs'),
(2, 'Exploring the City', '2023-04-12 14:00:00', 450, 'Vlogs'),
(3, 'Epic Gaming Moments', '2023-05-20 18:00:00', 1200, 'Gaming'),
(3, 'Top 5 RPG Games of 2023', '2023-06-25 20:30:00', 800, 'Gaming'),
(4, 'Delicious Pasta Recipe', '2023-07-15 11:00:00', 400, 'Cooking'),
(4, 'Baking the Perfect Cake', '2023-08-22 13:45:00', 500, 'Cooking'),
(5, 'Exploring Bali', '2023-09-10 09:30:00', 700, 'Travel'),
(5, 'Top Travel Tips for Europe', '2023-10-05 16:15:00', 600, 'Travel'),
(6, 'Full Body Workout Routine', '2023-11-12 07:00:00', 900, 'Fitness'),
(6, 'Healthy Eating Habits', '2023-12-20 12:30:00', 500, 'Fitness'),
(1, 'Future of Quantum Computing', '2023-03-18 17:00:00', 850, 'Technology'),
(2, 'Weekend Getaway Vlog', '2023-05-22 10:30:00', 400, 'Vlogs'),
(3, 'Multiplayer Madness', '2023-07-30 19:00:00', 1100, 'Gaming'),
(4, 'Vegan Dessert Ideas', '2023-09-14 15:00:00', 450, 'Cooking'),
(5, 'Backpacking Through South America', '2023-11-01 08:30:00', 750, 'Travel'),
(6, 'Yoga for Beginners', '2023-12-05 06:00:00', 600, 'Fitness'),
(1, '5G Technology Explained', '2023-04-25 14:00:00', 700, 'Technology'),
(2, 'City Lights Vlog', '2023-06-10 18:30:00', 350, 'Vlogs'),
(3, 'Top 10 Indie Games', '2023-08-18 20:00:00', 950, 'Gaming'),
(4, 'Quick and Easy Snacks', '2023-10-22 12:15:00', 300, 'Cooking'),
(5, 'Cultural Experiences in Japan', '2023-12-15 09:00:00', 800, 'Travel');

INSERT INTO DAILY_METRICS (video_id, metric_date, views, watch_time_seconds, likes, dislikes, daily_comments) VALUES
(1, '2023-01-11', 1500, 90000, 300, 10, 25),
(1, '2023-01-12', 2000, 120000, 400, 15, 30),
(2, '2023-02-16', 1800, 135000, 350, 12, 28),
(2, '2023-02-17', 2200, 165000, 450, 18, 35),
(3, '2023-03-06', 2500, 75000, 500, 20, 40),
(3, '2023-03-07', 3000, 90000, 600, 25, 45),
(4, '2023-04-13', 1600, 72000, 320, 14, 22),
(4, '2023-04-14', 2100, 94500, 420, 19, 29),
(5, '2023-05-21', 4000, 480000, 800, 30, 60),
(5, '2023-05-22', 4500, 540000, 900, 35, 70),
(6, '2023-06-26', 3500, 280000, 700, 28, 50),
(6, '2023-06-27', 4000, 320000, 800, 32, 55),
(7, '2023-07-16', 1200, 48000, 240, 8, 15),
(7, '2023-07-17', 1500, 60000, 300, 10, 18),
(8, '2023-08-23', 1300, 65000, 260, 9, 16),
(8, '2023-08-24', 1700, 85000, 340, 11, 20),
(9, '2023-09-11', 2800, 196000, 560, 22, 38),
(9, '2023-09-12', 3200, 224000, 640, 26, 42),
(10, '2023-10-06', 2400, 144000, 480, 18, 30),
(10, '2023-10-07', 2900, 174000, 580, 21, 35),
(11, '2023-11-13', 3100, 279000, 620, 24, 40),
(11, '2023-11-14', 3600, 324000, 720, 28, 45),
(12, '2023-12-21', 2000, 100000, 400, 15, 25),
(12, '2023-12-22', 2500, 125000, 500, 18, 30),
(13, '2023-03-19', 1900, 161500, 380, 13, 27),
(14, '2023-05-23', 1600, 64000, 320, 11, 20),
(15, '2023-07-31', 3300, 363000, 660, 29, 50),
(16, '2023-09-15', 1400, 63000, 280, 10, 18),
(17, '2023-11-02', 2900, 263000, 580, 22, 40),
(18, '2023-12-06', 2100, 126000, 420, 16, 28),
(19, '2023-04-26', 2700, 216000, 540, 20, 36),
(20, '2023-06-11', 2300, 138000, 460, 17, 32);


INSERT INTO VISIBILITY_SCORE (video_id, calculated_score, retention_rate, comment_impact) VALUES
(1, 85.50, 75.00, 15.00),
(2, 88.20, 78.00, 18.00),
(3, 90.10, 80.00, 20.00),
(4, 82.75, 70.00, 12.00),
(5, 95.00, 85.00, 25.00),
(6, 89.60, 77.00, 19.00),
(7, 84.30, 72.00, 14.00),
(8, 87.40, 74.00, 16.00),
(9, 91.20, 81.00, 22.00),
(10, 86.50, 73.00, 15.50),
(11, 92.30, 82.00, 23.00),
(12, 83.90, 71.00, 13.00),
(13, 89.00, 76.00, 18.50),
(14, 85.75, 74.00, 15.25),
(15, 93.10, 83.00, 24.00),
(16, 88.50, 75.50, 17.00),
(17, 90.80, 79.00, 21.00),
(18, 84.90, 72.50, 14.50),
(19, 87.20, 73.50, 16.75),
(20, 91.50, 80.50, 22.50);


INSERT INTO MONETIZATION (video_id, ad_budget_usd, estimated_payment_usd) VALUES
(1, 500.00, 1500.00),
(2, 600.00, 1800.00),
(3, 400.00, 1200.00),
(4, 550.00, 1650.00),
(5, 800.00, 2400.00),
(6, 700.00, 2100.00),
(7, 450.00, 1350.00),
(8, 520.00, 1560.00),
(9, 750.00, 2250.00),
(10, 620.00, 1860.00),
(11, 680.00, 2040.00),
(12, 480.00, 1440.00),
(13, 590.00, 1770.00),
(14, 530.00, 1590.00),
(15, 770.00, 2310.00),
(16, 610.00, 1830.00),
(17, 720.00, 2160.00),
(18, 490.00, 1470.00),
(19, 560.00, 1680.00),
(20, 740.00, 2220.00);